season__id,season__year,season__type,season__name,week__id,week__sequence,week__title,teams__id,teams__name,teams__market,teams__alias,teams__sr_id,teams__players__id,teams__players__name,teams__players__jersey,teams__players__position,teams__players__sr_id,teams__players__injuries__status,teams__players__injuries__status_date,teams__players__injuries__practice__status,teams__players__injuries__primary,teams__players__injuries__secondary,_comment
a538d200-e916-4272-aa07-b486094a1668,2023,REG,REG,0bd700b9-3628-4aa3-a416-31049fc5ace9,2,2,d26a1ca5-722d-4274-8f97-c92e49c96315,Titans,Tennessee,TEN,sr:competitor:367364,aac96096-362f-4254-952a-5b3b04472f19,Amani Hooker,37,DB,sr:player:1223998,Out,2023-09-15T00:00:00+00:00,Did Not Participate In Practice,Concussion,,Generation started @ 2024-06-12 02:37:55 UTC ended @ 2024-06-12 02:37:55 UTC
,,,,,,,,,,,,5c48ade7-4b9a-4757-9643-87a6e3839e2b,DeAndre Hopkins,10,WR,sr:player:827641,Questionable,2023-09-15T00:00:00+00:00,Did Not Participate In Practice,Ankle,,
,,,,,,,,,,,,c87aaf5b-e1e9-4d18-b0f1-f328b646031d,Kristian Fulton,26,CB,sr:player:2040061,Out,2023-09-15T00:00:00+00:00,Limited Participation In Practice,Hamstring,,
,,,,,,,,,,,,af71f149-7758-40b7-973a-9fe6320cf4f5,Tyjae Spears,32,RB,sr:player:1700119,,2023-09-15T00:00:00+00:00,Full Participation In Practice,Groin,,
,,,,,,,,,,,,02e6087b-daa6-45b4-ad5a-0bf4f3893011,Peter Skoronski,77,OL,sr:player:2001087,Out,2023-09-16T00:00:00+00:00,Did Not Participate In Practice,Illness,,
,,,,,,,,,,,,a78206af-6d78-4b4c-90e3-dc4bd62ac80b,Teair Tart,93,DT,sr:player:1568170,,2023-09-15T00:00:00+00:00,Full Participation In Practice,Groin,,
,,,,,,,,,,,,bb6a7db0-133b-11ed-9919-531ded80fd4f,Tre Avery,23,CB,sr:player:1271892,,2023-09-15T00:00:00+00:00,Full Participation In Practice,Hamstring,,
,,,,,,,,,,,,88c9dc8c-2952-4e7c-8677-f29e30d15309,Dillon Radunz,75,OL,sr:player:2198150,,2023-09-15T00:00:00+00:00,Full Participation In Practice,Knee,,
,,,,,,,,,,,,45763342-0208-46ab-a5d2-6c6e4ff66b66,Treylon Burks,16,WR,sr:player:1833768,,2023-09-15T00:00:00+00:00,Full Participation In Practice,NIR - Personal,,
,,,,,,,3d08af9e-c767-4f88-a7dc-b920c6d2b4a8,Seahawks,Seattle,SEA,sr:competitor:4430,c02b49d3-ddc1-4ffc-9f40-487199882fa5,Jarran Reed,90,DE,sr:player:1074138,,2023-09-15T00:00:00+00:00,Did Not Participate In Practice,NIR - Rest,,
,,,,,,,,,,,,ef422c88-b74f-4720-a831-947010c44ebe,Jordyn Brooks,56,LB,sr:player:2040011,,2023-09-15T00:00:00+00:00,Full Participation In Practice,NIR - Rest,Knee,
,,,,,,,,,,,,b95a1464-5824-4816-8829-0a9f52644166,Charles Cross,67,T,sr:player:1695869,Out,2023-09-15T00:00:00+00:00,Did Not Participate In Practice,Toe,,
,,,,,,,,,,,,6f62968f-4241-439f-b5c6-6723920ca5b2,Boye Mafe,53,LB,sr:player:1231300,Questionable,2023-09-15T00:00:00+00:00,Did Not Participate In Practice,Knee,,
,,,,,,,,,,,,2697a8a5-c22d-4290-a266-5b153bf384e3,Mike Morris,94,DE,sr:player:1694617,Out,2023-09-15T00:00:00+00:00,Did Not Participate In Practice,Shoulder,,
,,,,,,,,,,,,1a92b0ad-3eb2-4df3-bf02-04c4d9ffe10c,Jamal Adams,33,SS,sr:player:1129509,Out,2023-09-15T00:00:00+00:00,Limited Participation In Practice,Knee,,
,,,,,,,,,,,,ab5d4d72-fb1c-4aeb-887b-f6ca35f679bf,Devin Bush,0,LB,sr:player:1218240,Questionable,2023-09-15T00:00:00+00:00,Limited Participation In Practice,Shoulder,,
,,,,,,,de760528-1dc0-416a-a978-b510d20692ff,Cardinals,Arizona,ARI,sr:competitor:4412,abdf27dc-a54d-427c-a745-173f1c485292,Josh Woods,10,LB,sr:player:1221190,Out,2023-09-15T00:00:00+00:00,Did Not Participate In Practice,Ankle,,
,,,,,,,,,,,,d96246d7-aa2c-4d05-9c58-8d6bc5e20cdf,Kelvin Beachum,68,OL,sr:player:829037,Questionable,2023-09-15T00:00:00+00:00,Limited Participation In Practice,Hand,,
,,,,,,,,,,,,28a084c0-14df-499f-bd1f-b975603626b7,James Conner,6,RB,sr:player:1129821,,2023-09-15T00:00:00+00:00,Full Participation In Practice,Calf,,
,,,,,,,,,,,,2040899a-0b04-4de7-900b-f9e6861c6150,Leki Fotu,95,DT,sr:player:2040207,Questionable,2023-09-15T00:00:00+00:00,Limited Participation In Practice,Shoulder,,
,,,,,,,,,,,,9d546e3b-0eb3-4926-a5ef-eb5e48b9330e,L.J. Collier,91,DL,sr:player:1220106,Out,2023-09-15T00:00:00+00:00,Did Not Participate In Practice,Biceps,,
,,,,,,,,,,,,5ce20f3e-0f02-4f53-a2ef-5b076361f2b1,Budda Baker,3,SAF,sr:player:1129783,Questionable,2023-09-15T00:00:00+00:00,Limited Participation In Practice,Hamstring,,
,,,,,,,386bdbf9-9eea-4869-bb9a-274b0bc66e80,Eagles,Philadelphia,PHI,sr:competitor:4428,0db6df51-945b-4123-a790-0ba9d0473415,James Bradberry IV,24,CB,sr:player:987617,Out,2023-09-13T00:00:00+00:00,Did Not Participate In Practice,Concussion,,
,,,,,,,,,,,,e2a5882a-dcc1-4800-889f-3b957b21834f,Kenneth Gainwell,14,RB,sr:player:2197640,Out,2023-09-13T00:00:00+00:00,Did Not Participate In Practice,Ribs,,
,,,,,,,,,,,,49671677-0e37-4c70-ae1b-ec36be357eb9,Fletcher Cox,91,DT,sr:player:830683,Questionable,2023-09-13T00:00:00+00:00,Limited Participation In Practice,Ribs,,
,,,,,,,,,,,,f67efd90-ce17-11ec-bebb-4fec1e38b0e5,Reed Blankenship,32,SAF,sr:player:1236166,Out,2023-09-13T00:00:00+00:00,Did Not Participate In Practice,Ribs,,
,,,,,,,82cf9565-6eb9-4f01-bdbd-5aa0d472fcd9,Colts,Indianapolis,IND,sr:competitor:4421,8237c04f-a1c4-4c31-b5de-3afb3c81389f,Rigoberto Sanchez,8,P,sr:player:1132247,,2023-09-15T00:00:00+00:00,Did Not Participate In Practice,Illness,,
,,,,,,,,,,,,d3fee51d-67f5-413b-a4b2-bde86b97babe,Quenton Nelson,56,G,sr:player:1188912,Questionable,2023-09-15T00:00:00+00:00,Limited Participation In Practice,Toe,,
,,,,,,,,,,,,59f460a8-b5af-40e6-840c-429762b278b3,Drew Ogletree,85,TE,sr:player:2130246,Questionable,2023-09-15T00:00:00+00:00,Full Participation In Practice,Concussion,,
,,,,,,,,,,,,e550d0d9-2e56-4c71-8a9a-8a683daf32a3,Braden Smith,72,T,sr:player:1222668,,2023-09-15T00:00:00+00:00,Full Participation In Practice,Knee,Ankle,
,,,,,,,,,,,,d8fef424-aa41-4c26-9bce-1265b53cd5e2,Zack Moss,21,RB,sr:player:2039991,,2023-09-15T00:00:00+00:00,Full Participation In Practice,Forearm,,
,,,,,,,,,,,,bcc0167c-05fd-4b23-981e-60b8784ceb33,Kylen Granson,83,TE,sr:player:2198142,Questionable,2023-09-16T00:00:00+00:00,Full Participation In Practice,Hamstring,,
,,,,,,,0d855753-ea21-4953-89f9-0e20aff9eb73,Saints,New Orleans,NO,sr:competitor:4425,0226b03b-f91d-4223-9813-9fcd2e9c3acc,Juwan Johnson,83,TE,sr:player:2040489,,2023-09-16T00:00:00+00:00,Full Participation In Practice,Calf,,
,,,,,,,,,,,,e0248ecc-27b4-4368-bf97-47a73cb41ec2,J.T. Gray,48,DB,sr:player:1182788,Questionable,2023-09-16T00:00:00+00:00,Limited Participation In Practice,Shoulder,,
,,,,,,,,,,,,66627686-34fe-4599-84ac-e436fd7d798a,Kendre Miller,25,RB,sr:player:2071633,Questionable,2023-09-16T00:00:00+00:00,Limited Participation In Practice,Hamstring,,
,,,,,,,,,,,,d77eae11-9ecb-4713-878a-29900d67267b,Ryan Ramczyk,71,T,sr:player:1129553,,2023-09-16T00:00:00+00:00,Full Participation In Practice,Rest,,
,,,,,,,,,,,,fd85786d-3900-4dc0-9b30-334ee30413ed,Jimmy Graham,80,TE,sr:player:827505,,2023-09-16T00:00:00+00:00,Full Participation In Practice,Rest,,
,,,,,,,04aa1c9d-66da-489d-b16a-1dee3f2eec4d,Giants,New York,NYG,sr:competitor:4426,65533cd0-792b-42cb-808f-18cbac2e51cb,Cam Brown,47,LB,sr:player:2040187,,2023-09-15T00:00:00+00:00,Full Participation In Practice,Ankle,,
,,,,,,,,,,,,3adb2e85-ff63-4644-8ca9-a10651e53c04,Cor'Dale Flott,28,CB,sr:player:1694063,,2023-09-15T00:00:00+00:00,Full Participation In Practice,Hamstring,,
,,,,,,,,,,,,1ffc735b-74d8-44d2-ab32-00c5485c799f,Sterling Shepard,3,WR,sr:player:1074038,,2023-09-15T00:00:00+00:00,Full Participation In Practice,Rest,,
,,,,,,,,,,,,63f8a401-f308-4463-9d0b-4335b98da682,Graham Gano,9,K,sr:player:828179,,2023-09-15T00:00:00+00:00,Full Participation In Practice,Ankle,,
,,,,,,,,,,,,78af6ab8-1003-423d-b29b-111d8f4d45ad,Azeez Ojulari,51,OLB,sr:player:2197868,Doubtful,2023-09-15T00:00:00+00:00,Limited Participation In Practice,Hamstring,,
,,,,,,,,,,,,b9b3e414-dfc4-41f4-8ebb-0924c7d8434c,Gervarrius Owens,39,SAF,sr:player:1268804,,2023-09-15T00:00:00+00:00,Full Participation In Practice,Hamstring,,
,,,,,,,,,,,,ba5805bd-c67e-47d8-8d47-c8440a268cd4,Matt Peart,74,T,sr:player:1197654,,2023-09-15T00:00:00+00:00,Full Participation In Practice,Elbow,,
,,,,,,,,,,,,582dfe0e-98f3-48a5-8a2d-a52baa926b05,Wan'Dale Robinson,17,WR,sr:player:1695297,Doubtful,2023-09-15T00:00:00+00:00,Limited Participation In Practice,Knee,,
,,,,,,,,,,,,b493daf9-e550-497c-b382-4ffda2e47260,Andrew Thomas,78,T,sr:player:2040607,Questionable,2023-09-15T00:00:00+00:00,Limited Participation In Practice,Hamstring,,
,,,,,,,,,,,,14c97c9f-26e8-4944-9299-f90de6aeada3,Darren Waller,12,TE,sr:player:835255,,2023-09-15T00:00:00+00:00,Limited Participation In Practice,Hamstring,Rest,
,,,,,,,,,,,,e905a38b-bf94-4d46-b9e3-a7b534258a20,Deonte Banks,25,CB,sr:player:1694573,,2023-09-15T00:00:00+00:00,Full Participation In Practice,Calf,,
,,,,,,,c5a59daa-53a7-4de0-851f-fb12be893e9e,Lions,Detroit,DET,sr:competitor:4419,1b17a67d-c771-4e7d-80ea-fb1d19adb200,Taylor Decker,68,T,sr:player:1523213,Out,2023-09-16T00:00:00+00:00,Did Not Participate In Practice,Ankle,,
,,,,,,,,,,,,e8b1322a-6162-4535-b6af-4ca60ce8b09c,Khalil Dorsey,30,CB,sr:player:1200304,Out,2023-09-15T00:00:00+00:00,Did Not Participate In Practice,Illness,,
,,,,,,,,,,,,ae6a5f6b-20ac-4b44-9d05-b75634aa1199,Emmanuel Moseley,4,CB,sr:player:1217748,Out,2023-09-15T00:00:00+00:00,Did Not Participate In Practice,Knee,Hamstring,
,,,,,,,,,,,,44176cc9-9025-4dec-a790-fbfa57686a6c,Frank Ragnow,77,C,sr:player:1209686,,2023-09-14T00:00:00+00:00,Full Participation In Practice,Toe,,
,,,,,,,,,,,,6aa78083-655c-4855-b22b-b4e4f77b5dab,Josh Paschal,93,DL,sr:player:1264794,Out,2023-09-15T00:00:00+00:00,Did Not Participate In Practice,,,
,,,,,,,ad4ae08f-d808-42d5-a1e6-e9bc4e34d123,Bengals,Cincinnati,CIN,sr:competitor:4416,2f1b4df5-a65b-4b13-8a86-81c03259e822,Cam Sample,96,DE,sr:player:2198182,,2023-09-15T00:00:00+00:00,Full Participation In Practice,Ankle,,
,,,,,,,,,,,,f7397b71-3756-4b1b-9f61-8618164a4098,Chris Evans,25,RB,sr:player:2198022,Questionable,2023-09-15T00:00:00+00:00,Limited Participation In Practice,Hamstring,,
,,,,,,,,,,,,f46bc3a8-dbcc-4d96-8d6e-50034429de29,Joseph Ossai,58,DE,sr:player:2197650,Questionable,2023-09-15T00:00:00+00:00,Limited Participation In Practice,Ankle,,
,,,,,,,,,,,,05cb1d47-3517-4410-a61b-75adabbfb910,Logan Wilson,55,LB,sr:player:2040351,,2023-09-15T00:00:00+00:00,Full Participation In Practice,Ankle,,
,,,,,,,,,,,,3023ac10-4e7f-425f-9fc5-2b8e6332c92e,Joe Burrow,9,QB,sr:player:1218002,,2023-09-15T00:00:00+00:00,Full Participation In Practice,Calf,,
,,,,,,,,,,,,46b69ef9-920c-4645-abf7-139738e3fd9c,Dax Hill,23,SAF,sr:player:1694601,,2023-09-15T00:00:00+00:00,Full Participation In Practice,Hand,,
,,,,,,,,,,,,5e11c306-6387-46ed-8a6d-3ff7a8210ed5,Chidobe Awuzie,22,CB,sr:player:1129805,,2023-09-15T00:00:00+00:00,Limited Participation In Practice,NIR - Rest,,
,,,,,,,,,,,,cbe52cf7-a9fe-495c-bd77-3a22a7f7208f,Markus Bailey,51,LB,sr:player:2040119,Questionable,2023-09-15T00:00:00+00:00,Did Not Participate In Practice,Knee,,
,,,,,,,1f6dcffb-9823-43cd-9ff4-e7a8466749b5,Chargers,Los Angeles,LAC,sr:competitor:4429,b345f3db-d5aa-43ba-9f17-914c54864236,Eric Kendricks,6,LB,sr:player:834703,Out,2023-09-16T00:00:00+00:00,Did Not Participate In Practice,Hamstring,NIR - Personal,
,,,,,,,,,,,,dcbf373f-7336-457f-888f-02596a391d89,Chris Rumph II,94,OLB,sr:player:2197922,Out,2023-09-16T00:00:00+00:00,Limited Participation In Practice,Hamstring,,
,,,,,,,,,,,,1ce88c74-024e-4288-94ee-5dca10362153,Joey Bosa,97,OLB,sr:player:986877,Questionable,2023-09-15T00:00:00+00:00,Limited Participation In Practice,Hamstring,,
,,,,,,,,,,,,e5b8c439-a48a-4f83-b63b-1a4d30e04cd3,Austin Ekeler,30,RB,sr:player:1131789,Out,2023-09-16T00:00:00+00:00,Did Not Participate In Practice,Ankle,NIR - Personal,
,,,,,,,,,,,,93f17bc5-55d5-441a-a29d-d419ed4725e7,Daiyan Henley,0,LB,sr:player:1236642,Doubtful,2023-09-15T00:00:00+00:00,Limited Participation In Practice,Hamstring,,
,,,,,,,4254d319-1bc7-4f81-b4ab-b5e6f3402b69,Buccaneers,Tampa Bay,TB,sr:competitor:4388,9a612961-9fdf-47d0-b7ca-32b55adb1f61,Lavonte David,54,LB,sr:player:830357,,2023-09-15T00:00:00+00:00,Did Not Participate In Practice,NIR - Rest,,
,,,,,,,,,,,,c48c21d9-0ae5-478c-ad34-30a660cfa9b8,Mike Evans,13,WR,sr:player:830697,,2023-09-15T00:00:00+00:00,Did Not Participate In Practice,NIR - Rest,,
,,,,,,,,,,,,c5a8f0e1-b5ff-4018-b4da-3676ac12207e,SirVocea Dennis,8,LB,sr:player:1850606,Out,2023-09-15T00:00:00+00:00,Did Not Participate In Practice,Hamstring,,
,,,,,,,,,,,,2df83b38-7b2b-4aea-91ee-bfc5974486a1,Carlton Davis,24,CB,sr:player:1227004,Out,2023-09-15T00:00:00+00:00,Did Not Participate In Practice,Toe,,
,,,,,,,,,,,,6ccf5140-f1c9-11ed-a984-a58c04943ad8,Christian Izien,29,SAF,sr:player:1436318,Questionable,2023-09-15T00:00:00+00:00,Full Participation In Practice,Concussion,,
,,,,,,,,,,,,cabe57e5-4675-40cf-9090-58c63f823e70,Calijah Kancey,94,DL,sr:player:1692025,Out,2023-09-15T00:00:00+00:00,Did Not Participate In Practice,Calf,,
,,,,,,,,,,,,30198d30-9769-4e10-ac86-b4c91d940802,Baker Mayfield,6,QB,sr:player:1217750,,2023-09-15T00:00:00+00:00,Full Participation In Practice,Shoulder,,
,,,,,,,e6aa13a4-0055-48a9-bc41-be28dc106929,Falcons,Atlanta,ATL,sr:competitor:4393,60ef79af-d62b-4e4b-a1f9-1b0a0dfe0cad,Troy Andersen,44,LB,sr:player:1246032,Out,2023-09-15T00:00:00+00:00,Limited Participation In Practice,Concussion,,
,,,,,,,,,,,,790ae305-a3ea-4a98-a13a-31dacadec04e,Jeff Okudah,1,CB,sr:player:2040583,Questionable,2023-09-15T00:00:00+00:00,Limited Participation In Practice,Foot,,
,,,,,,,,,,,,da85107c-365c-4d58-90ab-479d97d798b4,Cordarrelle Patterson,84,RB,sr:player:829359,,2023-09-15T00:00:00+00:00,Full Participation In Practice,Thigh,,
,,,,,,,f7ddd7fa-0bae-4f90-bc8e-669e4d6cf2de,Jaguars,Jacksonville,JAC,sr:competitor:4386,078c2a41-ec84-4425-b64e-8d92cee16305,Antonio Johnson,26,SAF,sr:player:2007669,Out,2023-09-15T00:00:00+00:00,Did Not Participate In Practice,Hamstring,,
,,,,,,,,,,,,9aac7466-6718-4c40-9431-e51a3bfa0ab0,Brandon Scherff,68,OL,sr:player:834505,Questionable,2023-09-15T00:00:00+00:00,Limited Participation In Practice,Ankle,,
,,,,,,,,,,,,03be50ca-2498-4190-b772-7c47e351c4ab,Luke Fortner,79,OL,sr:player:1191786,Questionable,2023-09-15T00:00:00+00:00,Limited Participation In Practice,Ankle,,
,,,,,,,,,,,,e21d11de-78f9-47a9-b69a-ae18207ab2c7,Tyler Lacy,93,DE,sr:player:1435243,Questionable,2023-09-15T00:00:00+00:00,Limited Participation In Practice,Hip,,
,,,,,,,4809ecb0-abd3-451d-9c4a-92a90b83ca06,Dolphins,Miami,MIA,sr:competitor:4287,0cb6209d-2397-4be2-9cb7-f990bfb67e69,Terron Armstead,72,T,sr:player:833679,Questionable,2023-09-15T00:00:00+00:00,Limited Participation In Practice,Back,Ankle/Knee,
,,,,,,,,,,,,98166be9-2705-496d-ae1c-3bbcc2fe60bb,Elijah Campbell,22,DB,sr:player:1205976,Questionable,2023-09-15T00:00:00+00:00,Limited Participation In Practice,Knee,,
,,,,,,,,,,,,516da3c0-f016-11ed-a518-572ef5cb73b6,Julian Hill,89,TE,sr:player:1515217,Questionable,2023-09-15T00:00:00+00:00,Limited Participation In Practice,Ankle,,
,,,,,,,,,,,,0ff9a975-669d-4851-a95d-ab28d9fc29c4,Jaylen Waddle,17,WR,sr:player:2197644,,2023-09-15T00:00:00+00:00,Full Participation In Practice,Oblique,,
,,,,,,,,,,,,a4ef921b-8767-4b4f-a651-7675c00f9af0,De'Von Achane,28,RB,sr:player:2007651,,2023-09-15T00:00:00+00:00,Full Participation In Practice,Shoulder,,
,,,,,,,,,,,,e6bcb4f1-c2c8-4dd9-b826-af01182875f2,Xavien Howard,25,CB,sr:player:987645,,2023-09-15T00:00:00+00:00,Full Participation In Practice,Thumb,,
,,,,,,,,,,,,f0c60c6e-513b-40df-9794-d555ed59202f,Brandon Jones,29,SAF,sr:player:2040421,,2023-09-15T00:00:00+00:00,Full Participation In Practice,Knee,,
,,,,,,,,,,,,96d94c76-9563-460a-91e5-47b99f29587b,Connor Williams,58,OL,sr:player:1225224,,2023-09-15T00:00:00+00:00,Full Participation In Practice,Knee,,
,,,,,,,,,,,,2e0122de-812b-44fa-8bf9-084695be95e3,Jaelan Phillips,15,LB,sr:player:2198134,Questionable,2023-09-15T00:00:00+00:00,Limited Participation In Practice,Back,,
,,,,,,,,,,,,b040e601-ec40-4757-bf3d-71bf64ef99cf,Raheem Mostert,31,RB,sr:player:855634,,2023-09-15T00:00:00+00:00,Full Participation In Practice,Knee,,
,,,,,,,7d4fcc64-9cb5-4d1b-8e75-8a906d1e1576,Raiders,Las Vegas,LV,sr:competitor:4390,df94ce97-af26-4f12-be2d-14779270e670,Jermaine Eluemunor,72,OL,sr:player:1130097,,2023-09-15T00:00:00+00:00,Full Participation In Practice,Ankle,,
,,,,,,,,,,,,e7d6ae25-bf15-4660-8b37-c37716551de3,Davante Adams,17,WR,sr:player:831457,,2023-09-15T00:00:00+00:00,Full Participation In Practice,Foot,,
,,,,,,,,,,,,9ae2584a-40c1-4b30-be34-a9567659eacd,DeAndre Carter,3,WR,sr:player:1002695,,2023-09-15T00:00:00+00:00,Full Participation In Practice,Knee,,
,,,,,,,,,,,,42de9d1d-0352-460b-9172-9452414fd7fd,Jimmy Garoppolo,10,QB,sr:player:828285,,2023-09-15T00:00:00+00:00,Full Participation In Practice,Ankle,,
,,,,,,,,,,,,5197def5-f444-4561-ad28-7aac10dc748e,Chandler Jones,55,DE,sr:player:830679,Out,2023-09-15T00:00:00+00:00,Did Not Participate In Practice,NIR - Personal,,
,,,,,,,,,,,,73e194d1-a4b7-4de4-b1c2-3c24ef502918,Jakobi Meyers,16,WR,sr:player:1209970,Out,2023-09-15T00:00:00+00:00,Did Not Participate In Practice,Concussion,,
,,,,,,,,,,,,24c73eb0-7260-46cb-820d-7a64c71e499a,Jordan Meredith,61,G,sr:player:2198600,,2023-09-15T00:00:00+00:00,Full Participation In Practice,Calf,,
,,,,,,,,,,,,c8f74b89-065c-4857-be4e-4fcf897a5bc0,Tre'von Moehrig,25,SAF,sr:player:2197678,,2023-09-15T00:00:00+00:00,Full Participation In Practice,Thumb,,
,,,,,,,7b112545-38e6-483c-a55c-96cf6ee49cb8,Bears,Chicago,CHI,sr:competitor:4391,3b69032b-a321-4da8-9303-9d21a1970de6,Nate Davis,64,OL,sr:player:1228036,Doubtful,2023-09-16T00:00:00+00:00,Full Participation In Practice,Personal,,
,,,,,,,,,,,,9c21e9af-681c-41ef-9b00-fbc9e1668ed1,Marcedes Lewis,84,TE,sr:player:829379,,2023-09-14T00:00:00+00:00,Did Not Participate In Practice,NIR - Rest,,
,,,,,,,,,,,,c218af10-ce17-11ec-bebb-4fec1e38b0e5,Josh Blackwell,39,DB,sr:player:1268884,Out,2023-09-16T00:00:00+00:00,Did Not Participate In Practice,Hamstring,,
,,,,,,,,,,,,1817f16b-5ff3-4d64-8d7a-f64e02f5a033,Dylan Cole,55,LB,sr:player:1130535,,2023-09-15T00:00:00+00:00,Full Participation In Practice,Hamstring,,
,,,,,,,6680d28d-d4d2-49f6-aace-5292d3ec02c2,Chiefs,Kansas City,KC,sr:competitor:4422,83ad043c-d1e6-45b3-9e06-3f148538db46,Nick Bolton,32,LB,sr:player:2198068,,2023-09-15T00:00:00+00:00,Did Not Participate In Practice,NIR - Personal,,
,,,,,,,,,,,,8aa01565-4481-443a-9951-642c98ded113,Clyde Edwards-Helaire,25,RB,sr:player:2040247,Questionable,2023-09-15T00:00:00+00:00,Did Not Participate In Practice,Illness,,
,,,,,,,,,,,,ef7b5ce8-a929-46be-b9f3-328752c6d125,Chris Jones,95,DT,sr:player:987609,,2023-09-15T00:00:00+00:00,Limited Participation In Practice,NIR - Rest,,
,,,,,,,,,,,,c3859e06-5f23-4302-a71b-04820a899d5f,Travis Kelce,87,TE,sr:player:831509,Questionable,2023-09-15T00:00:00+00:00,Limited Participation In Practice,Knee,,
,,,,,,,,,,,,92b059b3-6b1b-4db4-a535-ceba629176d1,L'Jarius Sneed,38,CB,sr:player:2040181,,2023-09-15T00:00:00+00:00,Limited Participation In Practice,Knee,,
,,,,,,,,,,,,4aae1781-1eec-48c0-b41f-e4fee61c3c32,Richie James,17,WR,sr:player:1210058,,2023-09-15T00:00:00+00:00,Full Participation In Practice,Knee,,
,,,,,,,,,,,,fd133ca5-a014-4f5d-9e2f-14882da45cc2,Nic Jones,31,CB,sr:player:1858922,,2023-09-15T00:00:00+00:00,Full Participation In Practice,Hand,,
,,,,,,,,,,,,b4af6462-3e3a-49d5-9d96-482ad9f3c0c8,Kadarius Toney,19,WR,sr:player:2198078,,2023-09-15T00:00:00+00:00,Full Participation In Practice,Knee,,
,,,,,,,,,,,,632a8382-27d6-45ae-b3d2-a37157e09ab7,Tershawn Wharton,98,DT,sr:player:2065131,,2023-09-15T00:00:00+00:00,Full Participation In Practice,Knee,,
,,,,,,,e627eec7-bbae-4fa4-8e73-8e1d6bc5c060,Cowboys,Dallas,DAL,sr:competitor:4392,49ee26a1-4c2a-4980-ad86-b9553ef220bd,Sam Williams,54,DE,sr:player:1695823,,2023-09-15T00:00:00+00:00,Did Not Participate In Practice,NIR - Rest,Personal,
,,,,,,,,,,,,5a001d28-b271-410a-8c91-3159a6096258,Zack Martin,70,G,sr:player:855670,Questionable,2023-09-15T00:00:00+00:00,Limited Participation In Practice,Groin,,
,,,,,,,,,,,,b6b954eb-4591-4b7a-86b9-a481f15fdd58,Brandin Cooks,3,WR,sr:player:828495,Questionable,2023-09-15T00:00:00+00:00,Did Not Participate In Practice,Knee,,
,,,,,,,,,,,,23390ab5-2b55-4d8e-851c-01f9cf338ede,Tyler Smith,73,OL,sr:player:1742207,Doubtful,2023-09-15T00:00:00+00:00,Did Not Participate In Practice,Hamstring,,
,,,,,,,,,,,,c3f2ea91-98d6-4d37-b5bd-3c7ac07e5b24,Tyron Smith,77,T,sr:player:829389,,2023-09-15T00:00:00+00:00,Full Participation In Practice,Ankle,,
,,,,,,,,,,,,2e9ef3ac-eca5-4eb9-a41d-f404dfaae460,Donovan Wilson,6,SAF,sr:player:1192098,Doubtful,2023-09-15T00:00:00+00:00,Limited Participation In Practice,Calf,,
,,,,,,,a20471b4-a8d9-40c7-95ad-90cc30e46932,Packers,Green Bay,GB,sr:competitor:4420,cd141ff0-cc9e-11ec-952e-a10f2c98fc4d,Daniel Whelan,19,P,sr:player:1240852,,2023-09-15T00:00:00+00:00,Full Participation In Practice,Finger,,
,,,,,,,,,,,,a750e7ca-12ab-4d7c-bc65-f58793c3ed16,David Bakhtiari,69,T,sr:player:831461,Questionable,2023-09-15T00:00:00+00:00,Did Not Participate In Practice,NIR - Rest,Knee,
,,,,,,,,,,,,5f559fde-3a5f-4df6-99a2-cd1a4b103c68,Romeo Doubs,87,WR,sr:player:1474132,,2023-09-15T00:00:00+00:00,Full Participation In Practice,Hamstring,,
,,,,,,,,,,,,99847f76-5bf2-4cbe-8573-9a477f7fb472,Rashan Gary,52,LB,sr:player:1217548,,2023-09-15T00:00:00+00:00,Limited Participation In Practice,Knee,,
,,,,,,,,,,,,b5d116d8-11d4-43b1-8f0b-9a3ba26648c9,Elgton Jenkins,74,OL,sr:player:1203480,,2023-09-15T00:00:00+00:00,Full Participation In Practice,Knee,,
,,,,,,,,,,,,f7bc36e8-7fb8-4d91-8216-f6a3a669f069,Anthony Johnson Jr.,36,SAF,sr:player:1420491,,2023-09-15T00:00:00+00:00,Full Participation In Practice,Knee,,
,,,,,,,,,,,,27dd5b6e-ea65-4622-a6b4-460fd144407c,Aaron Jones,33,RB,sr:player:1130041,Questionable,2023-09-15T00:00:00+00:00,Did Not Participate In Practice,Hamstring,,
,,,,,,,,,,,,f05149f9-c13f-4af8-858f-ad1e380961cd,Quay Walker,7,LB,sr:player:1415213,Unknown,2023-09-16T00:00:00+00:00,Limited Participation In Practice,Concussion,,
,,,,,,,,,,,,47d97f44-b4aa-46d2-816c-5b5a1fe48d46,Christian Watson,9,WR,sr:player:1249502,Questionable,2023-09-15T00:00:00+00:00,Limited Participation In Practice,Hamstring,,
,,,,,,,cb2f9f1f-ac67-424e-9e72-1475cb0ed398,Steelers,Pittsburgh,PIT,sr:competitor:4345,244c00c7-fe9a-4f4f-adff-1d5b9c8877e7,Diontae Johnson,18,WR,sr:player:1221954,Out,2023-09-16T00:00:00+00:00,Did Not Participate In Practice,Hamstring,,
,,,,,,,,,,,,30487ab2-836d-4e4b-a46a-89e31b414374,Anthony McFarland Jr.,26,RB,sr:player:1231358,Out,2023-09-16T00:00:00+00:00,Did Not Participate In Practice,Knee,,
,,,,,,,,,,,,a4e669b3-32f3-4762-8b01-df6ef8dd0e51,Chukwuma Okorafor,76,OL,sr:player:1224896,,2023-09-16T00:00:00+00:00,Full Participation In Practice,Concussion,,
,,,,,,,,,,,,70d87779-f25f-4dff-8c5d-82b818090c57,James Daniels,78,OL,sr:player:1225878,,2023-09-16T00:00:00+00:00,Full Participation In Practice,Ankle,,
,,,,,,,,,,,,04f0fefe-9d9d-44f5-94ea-6df2a42df3c6,Pat Freiermuth,88,TE,sr:player:2197750,,2023-09-16T00:00:00+00:00,Full Participation In Practice,Chest,,
,,,,,,,,,,,,915f567f-ca74-426a-8ed0-123c45f67baa,Larry Ogunjobi,99,DT,sr:player:1129801,,2023-09-16T00:00:00+00:00,Full Participation In Practice,Foot,,
,,,,,,,,,,,,447db942-40e8-4bb3-9710-b12cfaaafb46,Isaac Seumalo,73,G,sr:player:987679,,2023-09-16T00:00:00+00:00,Full Participation In Practice,NIR - Rest,,
,,,,,,,,,,,,018e8f25-54e5-44f1-967a-7ff237f1c52f,George Pickens,14,WR,sr:player:1708565,,2023-09-16T00:00:00+00:00,Limited Participation In Practice,Hamstring,,
,,,,,,,33405046-04ee-4058-a950-d606f8c30852,Vikings,Minnesota,MIN,sr:competitor:4423,acdd0b8b-d840-44ac-9dfa-05fe8baabe09,Garrett Bradbury,56,C,sr:player:1208540,Out,2023-09-13T00:00:00+00:00,Did Not Participate In Practice,Back,,
,,,,,,,,,,,,584c0cd5-fe93-40e1-8155-9abcf06d79b0,Christian Darrisaw,71,T,sr:player:2197924,Questionable,2023-09-13T00:00:00+00:00,Limited Participation In Practice,Ankle,,
,,,,,,,,,,,,9c2c9c29-516a-4e0f-8dcd-319291823370,Marcus Davenport,0,OLB,sr:player:1230592,Questionable,2023-09-13T00:00:00+00:00,Limited Participation In Practice,Ankle,,
,,,,,,,f14bf5cc-9a82-4a38-bc15-d39f75ed5314,Panthers,Carolina,CAR,sr:competitor:4415,c2a7bd8a-d141-423a-8810-0988a59ff0b4,DJ Chark,17,WR,sr:player:1218294,Questionable,2023-09-16T00:00:00+00:00,Full Participation In Practice,Hamstring,,
,,,,,,,,,,,,cbe71aae-2475-487f-a78d-c1d7f021c097,Taylor Moton,72,T,sr:player:1129849,,2023-09-16T00:00:00+00:00,Full Participation In Practice,Biceps,,
,,,,,,,ebd87119-b331-4469-9ea6-d51fe3ce2f1c,Ravens,Baltimore,BAL,sr:competitor:4413,55fe8587-9190-4ad9-8517-fcb330341ed3,John Simpson,76,G,sr:player:2040201,,2023-09-15T00:00:00+00:00,Did Not Participate In Practice,NIR - Personal,,
,,,,,,,,,,,,0618f387-9b72-4270-8b8f-dec4cccc9e4a,Mark Andrews,89,TE,sr:player:1219184,Questionable,2023-09-15T00:00:00+00:00,Full Participation In Practice,Quad,,
,,,,,,,,,,,,bf9749c6-6609-456e-a3eb-b8cab21dd76a,Marlon Humphrey,44,CB,sr:player:1129543,Out,2023-09-15T00:00:00+00:00,Did Not Participate In Practice,Foot,,
,,,,,,,,,,,,b342192d-644a-48cc-9d86-94030ecceea4,Tyler Linderbaum,64,C,sr:player:1434741,Out,2023-09-15T00:00:00+00:00,Did Not Participate In Practice,Ankle,,
,,,,,,,,,,,,a792cbbf-d96a-48fc-a187-6f7f5b7dd214,Ronnie Stanley,79,T,sr:player:986903,Out,2023-09-15T00:00:00+00:00,Did Not Participate In Practice,Knee,,
,,,,,,,,,,,,662bf69e-10eb-4c2e-970e-1a13f1c7fa07,Marcus Williams,32,SAF,sr:player:1129729,Out,2023-09-15T00:00:00+00:00,Did Not Participate In Practice,Pectoral,,
,,,,,,,5fee86ae-74ab-4bdd-8416-42a9dd9964f3,Jets,New York,NYJ,sr:competitor:4427,93d11276-45d2-4168-a9b7-df0cbf12dabb,Greg Zuerlein,9,K,sr:player:827559,Out,2023-09-16T00:00:00+00:00,Did Not Participate In Practice,Groin,,
,,,,,,,,,,,,8639eb45-a9dd-4b3b-91f1-01319af3bdd0,Mekhi Becton,77,T,sr:player:2040641,Questionable,2023-09-15T00:00:00+00:00,Full Participation In Practice,Knee,,
,,,,,,,,,,,,f26bd260-a1eb-42ab-8768-bc8ad24e4f9e,Duane Brown,76,T,sr:player:828997,Questionable,2023-09-15T00:00:00+00:00,Full Participation In Practice,Shoulder,,
,,,,,,,,,,,,db1053d7-3343-43a3-9aab-8353f10f1221,Breece Hall,20,RB,sr:player:1692915,Questionable,2023-09-15T00:00:00+00:00,Full Participation In Practice,Knee,,
,,,,,,,97354895-8c77-4fd4-a860-32e62ea7382a,Patriots,New England,NE,sr:competitor:4424,173831a7-d33d-4d2a-8dd9-4e36182e23cc,Trent Brown,77,OL,sr:player:835227,Questionable,2023-09-15T00:00:00+00:00,Did Not Participate In Practice,Concussion,,
,,,,,,,,,,,,72caaff9-f52a-4f12-a592-983df19263e3,Sidy Sow,62,OL,sr:player:1232520,Questionable,2023-09-15T00:00:00+00:00,Did Not Participate In Practice,Concussion,,
,,,,,,,,,,,,94560629-fb01-43b5-b9ea-ca8372c18368,David Andrews,60,C,sr:player:835543,,2023-09-14T00:00:00+00:00,Limited Participation In Practice,Hamstring,,
,,,,,,,,,,,,9c054866-5e6c-460b-9af3-ebf91e7d0a3e,Kayshon Boutte,80,WR,sr:player:2006993,,2023-09-14T00:00:00+00:00,Limited Participation In Practice,Hamstring,,
,,,,,,,,,,,,3ee844af-9408-42d7-ba42-aaa2d5ccc673,Mike Onwenu,71,OL,sr:player:2040487,Questionable,2023-09-15T00:00:00+00:00,Limited Participation In Practice,Ankle,,
,,,,,,,,,,,,e9ee9209-dd8f-4e4a-be3c-407756a2749c,DeVante Parker,1,WR,sr:player:834525,Questionable,2023-09-15T00:00:00+00:00,Limited Participation In Practice,Knee,,
,,,,,,,,,,,,8e176f01-5542-4b25-8e06-ce57042911d2,Cole Strange,69,OL,sr:player:1182466,Questionable,2023-09-15T00:00:00+00:00,Limited Participation In Practice,Knee,,
,,,,,,,,,,,,537c88d4-c403-43f4-94a1-fdccea0ee24a,Jonathan Jones,31,DB,sr:player:989241,Questionable,2023-09-15T00:00:00+00:00,Did Not Participate In Practice,Ankle,,
,,,,,,,d5a2eb42-8065-4174-ab79-0a6fa820e35e,Browns,Cleveland,CLE,sr:competitor:4417,0207678d-d682-4916-ba20-74a218d5b6b1,Joel Bitonio,75,G,sr:player:831487,,2023-09-16T00:00:00+00:00,Full Participation In Practice,NIR - Rest,,
,,,,,,,,,,,,00f88be8-45f9-4237-b2b8-3271ec790d07,Amari Cooper,2,WR,sr:player:834497,Questionable,2023-09-16T00:00:00+00:00,Limited Participation In Practice,NIR - Rest,,
,,,,,,,,,,,,a85a0ba9-674c-4f37-a944-474fc6cdf557,Myles Garrett,95,DE,sr:player:1129517,,2023-09-16T00:00:00+00:00,Full Participation In Practice,NIR - Rest,,
,,,,,,,,,,,,20d66704-9c12-467f-a6ca-9cf9dc00730c,Shelby Harris,93,DT,sr:player:854776,,2023-09-16T00:00:00+00:00,Full Participation In Practice,Achilles,,
,,,,,,,,,,,,81b159d5-86ac-4130-a87d-dbd5e0b211b3,Maurice Hurst II,90,DT,sr:player:1474848,,2023-09-16T00:00:00+00:00,Full Participation In Practice,Hamstring,,
,,,,,,,,,,,,5a99d26a-0c11-4705-99de-8c4960d6fbc9,Siaki Ika,62,DT,sr:player:1694055,Questionable,2023-09-16T00:00:00+00:00,Did Not Participate In Practice,Foot,,
,,,,,,,,,,,,73ec5a10-dd68-448e-938f-25021cbc3004,Juan Thornhill,1,SAF,sr:player:1192226,Questionable,2023-09-16T00:00:00+00:00,Limited Participation In Practice,Calf,,
,,,,,,,,,,,,14b52c32-e9f6-4b64-aa22-1d96bb20cf84,Anthony Walker Jr.,5,LB,sr:player:1130079,,2023-09-16T00:00:00+00:00,Full Participation In Practice,NIR - Rest,,
,,,,,,,,,,,,543deccb-0e8d-42ac-b213-dfd458fc0602,Jedrick Wills Jr.,71,T,sr:player:2040399,,2023-09-16T00:00:00+00:00,Full Participation In Practice,Foot,,
,,,,,,,82d2d380-3834-4938-835f-aec541e5ece7,Texans,Houston,HOU,sr:competitor:4324,7e91086f-9ca4-4bd9-a099-b88b2f37e6c6,C.J. Stroud,7,QB,sr:player:2001139,Questionable,2023-09-15T00:00:00+00:00,Limited Participation In Practice,Shoulder,,
,,,,,,,,,,,,fa4ae025-fd66-4752-94fa-63e22ae8abd4,Neville Hewitt,43,LB,sr:player:855792,Questionable,2023-09-15T00:00:00+00:00,Limited Participation In Practice,Illness,,
,,,,,,,,,,,,7ec32a97-e677-487c-a000-74a26de95931,Jalen Pitre,5,SAF,sr:player:1233994,Out,2023-09-15T00:00:00+00:00,Did Not Participate In Practice,Chest,,
,,,,,,,,,,,,813c2073-8f69-4f6f-94a6-6819cd14b4f3,Laremy Tunsil,78,T,sr:player:986915,Questionable,2023-09-15T00:00:00+00:00,Did Not Participate In Practice,Knee,,
,,,,,,,,,,,,1b8414b5-3db8-4e89-8bcc-7ac7f7d0b931,Jimmie Ward,1,SAF,sr:player:829883,Out,2023-09-15T00:00:00+00:00,Did Not Participate In Practice,Hip,,
,,,,,,,,,,,,d6969476-95dc-42e4-9cd1-a1e8ae6973ff,Grayland Arnold,25,SAF,sr:player:1221010,,2023-09-15T00:00:00+00:00,Full Participation In Practice,Hamstring,,
,,,,,,,,,,,,17dfbad4-f4fc-4a65-a085-6cdcefe36879,Blake Cashman,53,LB,sr:player:1769326,,2023-09-15T00:00:00+00:00,Full Participation In Practice,Hamstring,,
,,,,,,,,,,,,eb7f7d43-7837-400c-828c-bd5d609bca41,George Fant,77,T,sr:player:1073968,,2023-09-15T00:00:00+00:00,Full Participation In Practice,Shoulder,,
,,,,,,,,,,,,2995df34-ee81-4320-be1e-1c497b83c927,John Metchie III,8,WR,sr:player:1692769,,2023-09-15T00:00:00+00:00,Full Participation In Practice,Hamstring,,
,,,,,,,,,,,,9fc6e49f-c863-419d-9dca-8f0da3f3c9c7,Denzel Perryman,6,MLB,sr:player:834649,,2023-09-15T00:00:00+00:00,Full Participation In Practice,Ankle,Wrist,
,,,,,,,,,,,,8caec1b4-e0b6-4a84-b8c8-617d6e91ef6a,Dalton Schultz,86,TE,sr:player:1191862,,2023-09-15T00:00:00+00:00,Full Participation In Practice,Thigh,,
,,,,,,,,,,,,618bedee-9259-4536-b0ff-fec98d2a20de,Robert Woods,2,WR,sr:player:827487,,2023-09-15T00:00:00+00:00,Full Participation In Practice,Rest ,,
,,,,,,,,,,,,42b57148-fc06-4aee-b40b-bb941271b5b7,Dare Ogunbowale,33,RB,sr:player:1135413,,2023-09-15T00:00:00+00:00,Full Participation In Practice,Hamstring,,
,,,,,,,2eff2a03-54d4-46ba-890e-2bc3925548f3,Rams,Los Angeles,LA,sr:competitor:4387,d24f72af-88e3-46d0-b132-1fe77e5c893b,Joe Noteboom,70,T,sr:player:1220150,,2023-09-13T00:00:00+00:00,Limited Participation In Practice,Ankle,,
,,,,,,,,,,,,a80f1b08-3977-48b6-97e0-5991ca26bfae,Ahkello Witherspoon,44,DB,sr:player:1129781,,2023-09-13T00:00:00+00:00,Full Participation In Practice,Hip,,
,,,,,,,f0e724b0-4cbf-495a-be47-013907608da9,49ers,San Francisco,SF,sr:competitor:4389,e6eb9d50-9231-44ff-89eb-7f7b996e042f,Dre Greenlaw,57,LB,sr:player:1833944,,2023-09-15T00:00:00+00:00,Full Participation In Practice,Groin,,
,,,,,,,,,,,,b070601c-7985-4a1c-b71a-9f72bb5dbc59,Trent Williams,71,T,sr:player:830955,,2023-09-15T00:00:00+00:00,Full Participation In Practice,NIR - Rest,,
,,,,,,,,,,,,2ada91b0-036e-454f-83c3-6d939ff584a9,George Kittle,85,TE,sr:player:1130029,,2023-09-15T00:00:00+00:00,Full Participation In Practice,Groin,,
,,,,,,,,,,,,75c1ed8d-4f05-43c1-b398-f212984b6b8b,Samuel Womack III,0,CB,sr:player:1354974,Out,2023-09-15T00:00:00+00:00,Did Not Participate In Practice,Knee,,
,,,,,,,,,,,,f7ff7599-a175-4a0c-b887-3ae9e596fc64,Ray-Ray McCloud,3,WR,sr:player:1218938,,2023-09-15T00:00:00+00:00,Full Participation In Practice,Wrist,,
,,,,,,,22052ff7-c065-42ee-bc8f-c4691c50e624,Commanders,Washington,WAS,sr:competitor:4432,e52e1ff1-7a48-4b89-84c1-35841460ab0d,Quan Martin,20,DB,sr:player:1436248,Out,2023-09-15T00:00:00+00:00,Did Not Participate In Practice,Concussion,,
,,,,,,,,,,,,66a21b6d-97e5-4732-8bb0-062145d6bbc6,Curtis Samuel,4,WR,sr:player:1129833,,2023-09-15T00:00:00+00:00,Limited Participation In Practice,Hip,,
,,,,,,,,,,,,9947409c-4a34-45f5-99a1-aa6daa13c430,Chase Young,99,DE,sr:player:2039949,,2023-09-15T00:00:00+00:00,Full Participation In Practice,Neck,,
,,,,,,,,,,,,6ffeb3fd-dd6f-4b03-95a9-da9908005415,Sam Cosmi,76,T,sr:player:1270338,,2023-09-15T00:00:00+00:00,Full Participation In Practice,Shoulder,,
,,,,,,,,,,,,7e8c4641-2beb-4213-ba22-69fe0307005f,Terry McLaurin,17,WR,sr:player:1218752,,2023-09-15T00:00:00+00:00,Full Participation In Practice,Toe,,
,,,,,,,768c92aa-75ff-4a43-bcc0-f2798c2e1724,Bills,Buffalo,BUF,sr:competitor:4376,49c9f374-118a-4207-8030-dcdaf938dac5,Mitch Morse,60,C,sr:player:834741,,2023-09-15T00:00:00+00:00,Full Participation In Practice,Finger,,
,,,,,,,ce92bd47-93d5-4fe9-ada4-0fc681e6caa0,Broncos,Denver,DEN,sr:competitor:4418,b9e4a022-d15c-4cef-9879-170277f17207,Greg Dulcich,80,TE,sr:player:1555599,Out,2023-09-15T00:00:00+00:00,Did Not Participate In Practice,Hamstring,,
,,,,,,,,,,,,490c15eb-accc-4441-be7d-c7114e1e42fc,Frank Clark,55,OLB,sr:player:834679,Out,2023-09-15T00:00:00+00:00,Did Not Participate In Practice,Hip,,
,,,,,,,,,,,,eaaa4a61-c2a7-4926-8e9b-3ec71be2f991,Jerry Jeudy,10,WR,sr:player:2040665,,2023-09-15T00:00:00+00:00,Full Participation In Practice,Hamstring,,
,,,,,,,,,,,,d2e2b313-6769-48c6-a217-d167f04068df,D.J. Jones,93,DT,sr:player:1130003,,2023-09-15T00:00:00+00:00,Full Participation In Practice,Knee,,
,,,,,,,,,,,,8f79eaa3-df62-4214-a497-1e13970e6b82,Riley Moss,37,CB,sr:player:1434845,,2023-09-15T00:00:00+00:00,Full Participation In Practice,Abdomen,,
